{
    "loss": 16.739702224731445,
    "accuracy": 0.5686274766921997
}